,NOISE_FREE_GENE_INDICES,CLUSTER_NO,Distance_FROM_CLUSTER_CENTROID
0,0,1,4.549146513394375
1,1,1,3.0348392274850204
2,2,1,2.2437325900913416
3,3,1,2.0334057624677984
4,4,1,1.2589301622888929
5,5,1,2.731522842072277
6,6,1,1.5737537610947332
7,7,1,1.280030971726394
8,8,1,2.577256561222438
9,9,1,2.1281328968408384
10,10,1,1.7253618745914736
11,11,1,0.913880632700558
12,12,1,1.7535104160891648
13,13,1,1.6882293091076088
14,14,1,1.2116545987658038
15,15,1,2.4389113339783877
16,16,1,1.0750012166541725
17,17,1,0.8563576975751666
18,18,1,0.8017260878872408
19,19,1,1.0763532943142855
20,20,1,1.1452343408603054
21,21,1,2.996723934993016
22,22,1,1.4487146555626147
23,23,1,1.5749773299960157
24,24,1,0.8686314259237952
25,25,1,2.6031980187043486
26,26,1,1.0513385420557375
27,27,1,0.8049737208057933
28,28,1,0.8455282942632013
29,29,1,1.0302297106436258
30,30,1,1.1322029122108177
31,31,1,0.8081113778114003
32,32,1,1.4543317706100287
33,33,1,0.7290464656137643
34,34,1,1.164741743903583
35,35,1,0.8566034007636791
36,36,1,0.7979854965641223
37,37,1,0.9891507783628033
38,38,1,0.9578687999797595
39,39,1,0.9578687999797595
40,40,1,0.9578687999797595
41,41,1,0.9578687999797595
42,42,1,0.8630413519684048
43,43,1,1.2260027119993384
44,44,1,1.024527735765385
45,45,1,0.8705375001537636
46,46,1,1.0652029633021305
47,47,1,1.0485716419985072
48,48,1,0.9379774219351297
49,49,1,0.630791283801853
50,50,1,0.630791283801853
51,51,1,0.630791283801853
52,52,1,0.630791283801853
53,53,1,1.0000133728239016
54,54,1,0.8840503284037492
55,55,1,0.6606042083403493
56,56,1,0.728640177014275
57,57,1,0.7729551429908403
58,58,1,1.2171240248535953
59,59,1,0.7183671588822688
60,60,0,0.9439074791674829
61,61,1,0.958412477547789
62,62,1,0.9661654894867574
63,63,0,1.0138337004209599
64,64,1,0.7657713476434066
65,65,1,1.1849902113188955
66,66,0,1.2181731764040749
67,67,0,0.959904066923626
68,68,0,0.9348530147693896
69,69,0,0.9002824078200411
70,70,0,0.8681819252570833
71,71,0,1.020223296415446
72,72,1,1.0885089378560235
73,73,0,0.6881786410089431
74,74,0,1.0162101523060603
75,75,0,0.5729561078819335
76,76,0,0.6066848671137095
77,77,0,0.7632771893455642
78,78,0,0.4731153542672379
79,79,0,0.714407224247318
80,80,0,1.1472990928243876
81,81,0,0.6892692982325919
82,82,0,0.7622291084248034
83,83,0,0.7163507104318106
84,84,0,0.9272699429051682
85,85,1,0.809425270406153
86,86,0,0.9024293629302858
87,87,0,0.9491798251027838
88,88,0,0.5043982583265487
89,89,0,0.4698352078267278
90,90,1,0.9550904762706269
91,91,0,0.754052421723851
92,92,0,0.5221140529797165
93,93,0,1.022245953926289
94,94,0,0.5696979530494878
95,95,0,0.5576923532875628
96,96,0,0.4095448250361974
97,97,0,0.753497638091863
98,98,0,0.8673965250827043
99,99,1,1.0663542418019325
100,100,1,0.9646938370308001
101,101,1,1.0530393505547175
102,102,0,0.9911092498745785
103,103,1,0.7474834450311738
104,104,0,0.8992914192045158
105,105,0,1.0723907316069703
106,106,0,0.8581848917998623
107,107,0,0.43328321126306935
108,108,0,0.6230406741184632
109,109,0,0.675605877789154
110,110,1,1.130882218239801
111,111,0,0.6689424338975557
112,112,1,0.972041036798444
113,113,0,0.9442883514986331
114,114,0,0.9712068675908033
115,115,1,1.2533972292215456
116,116,0,1.0904554092757608
117,117,0,1.0243033467275087
118,118,2,1.0470464571601632
119,119,0,1.13302292984903
120,120,0,0.6503967598264072
121,121,0,0.43241763035554315
122,122,0,0.5671843829397222
123,123,0,1.0357402737415287
124,124,0,0.8791783473828789
125,125,0,0.35879028011557595
126,126,0,0.6895208894723059
127,127,0,0.5136006516706122
128,128,0,0.47686419421001497
129,129,0,0.5360425052896803
130,130,0,0.5373882224499371
131,131,0,0.5678474126482266
132,132,0,0.579121544962611
133,133,0,0.41874409978987676
134,134,0,0.4983263680216887
135,135,0,0.9463667397012174
136,136,0,0.40548733478784627
137,137,1,1.1595974514603224
138,138,0,0.39671807499957185
139,139,0,0.9098483656256309
140,140,0,0.8401178378184747
141,141,0,0.9894400240403122
142,142,0,0.9474766245935478
143,143,0,0.5359310600106282
144,144,1,1.077162008394048
145,145,0,0.3851796757899252
146,146,0,0.8942799202021744
147,147,0,0.7534230326092641
148,148,0,0.766899139963532
149,149,0,0.40169598642589766
150,150,0,0.7889335813473904
151,151,0,0.8726305240943676
152,152,0,0.7051790686304807
153,153,1,1.059835148157563
154,154,1,1.2767697641864453
155,155,0,0.40438598960873046
156,156,0,0.6347182688290984
157,157,0,0.5596581090550103
158,158,1,0.9205830124690259
159,159,0,0.36519536646454087
160,160,0,0.467898812828657
161,161,0,0.4632787988877279
162,162,0,0.4540303639889756
163,163,1,1.1060111077667205
164,164,1,0.8930464449787477
165,165,0,0.5641020184558271
166,166,2,1.073101687416663
167,167,0,0.3828556044070807
168,168,0,0.9625476018851615
169,169,0,0.5057806163249091
170,170,0,1.0780883503205474
171,171,0,0.4246118845991257
172,172,0,0.3733126771447445
173,173,0,0.41626511512958486
174,174,0,0.5202342100124485
175,175,0,0.3481199584359949
176,176,0,1.192586983997788
177,177,0,0.9657293767966678
178,178,0,0.18458737348990298
179,179,0,0.2953179703163016
180,180,0,0.7436288050339094
181,181,0,1.0028546257769195
182,182,0,0.9726623682850791
183,183,0,0.6258763522931733
184,184,0,0.4919233507524242
185,185,0,0.4658787126631593
186,186,1,1.2775389776131847
187,187,0,0.6166065519054529
188,188,0,0.24780295051815124
189,189,0,0.724639177098474
190,190,0,0.25892826120403134
191,191,0,0.7346374109314339
192,192,0,0.18232409189631935
193,193,0,0.6327380939374061
194,194,0,0.4592149859540359
195,195,0,0.2892478070071878
196,196,0,0.37043786577482773
197,197,0,0.7035605398172146
198,198,0,0.5324767291446735
199,199,0,0.3536026455575036
200,200,1,1.471282281359156
201,201,0,0.939559257682721
202,202,0,0.38626057663184693
203,203,0,0.17335626726567904
204,204,0,0.5262287703111385
205,205,0,0.5563918443735659
206,206,0,0.5110730170561399
207,207,0,0.7535033757009812
208,208,0,0.4261600629384871
209,209,0,0.9785096373329722
210,210,0,0.15151403872573543
211,211,0,0.30933607786806366
212,212,0,0.5678346448926058
213,213,0,0.4820764646439115
214,214,0,0.37826946551631463
215,215,0,0.3055266918683045
216,216,0,0.25933955988604557
217,217,0,0.2907358226466076
218,218,0,0.3375725066255624
219,219,0,0.2756564714105002
220,220,0,0.5136515922996817
221,221,0,0.32907610823594163
222,222,0,0.49579524785697415
223,223,0,0.7263592809178298
224,224,0,0.3420152172133358
225,225,0,0.9191746753623782
226,226,0,0.26753691727243445
227,227,0,1.1114898832713163
228,228,0,0.6142353525555014
229,229,0,0.37218344934015196
230,230,0,0.5734761830371727
231,231,0,0.3265194803140118
232,232,0,0.5462043555194429
233,233,0,0.22882631978502946
234,234,0,0.6393312650609697
235,235,0,0.40625548086012253
236,236,0,0.7733753821093977
237,237,0,0.3181879763035636
238,238,0,0.38656157040044203
239,239,0,0.15630535474750973
240,240,0,0.6592572777400106
241,241,0,0.14040871601635085
242,242,0,0.22695867107101086
243,243,0,0.4475683642471686
244,244,0,0.9615041293300896
245,245,0,1.0027109949890427
246,246,0,0.29761440849390813
247,247,0,0.10823975983128645
248,248,1,1.6176844315807823
249,249,0,0.5542310921762434
250,250,0,1.2446580625731019
251,251,0,0.6213149895646712
252,252,0,0.2675011625921435
253,253,0,0.4143389665325123
254,254,0,0.6323793028286566
255,255,0,0.2041115388388159
256,256,0,0.22112298707973893
257,257,0,0.20294361423189514
258,258,0,0.17960004137594646
259,259,0,1.0268918590390892
260,260,0,1.0268918590390892
261,261,0,1.0268918590390892
262,262,0,1.0268918590390892
263,263,0,0.6849680494123761
264,264,0,0.8381596345110586
265,265,0,0.24214200660530205
266,266,0,0.9851128774833713
267,267,0,0.4746205661161897
268,268,0,0.7019321300121694
269,269,0,0.4158923365556229
270,270,0,0.6119095592430669
271,271,0,0.10937871063500051
272,272,0,0.4522076389645948
273,273,0,0.5649167604139566
274,274,0,0.25081361705878175
275,275,0,0.600768593676528
276,276,0,0.21239003789531316
277,277,0,0.34770782958079754
278,278,0,0.18255696079697029
279,279,0,0.12256516824343339
280,280,0,0.7033645857268777
281,281,0,0.5629138857826911
282,282,0,0.35357961739285454
283,283,0,0.46877013959351327
284,284,0,0.2720235493219068
285,285,1,1.3833589028334312
286,286,0,0.529694614368702
287,287,0,0.2774050428172748
288,288,0,0.42931532835754765
289,289,0,0.4171851113398805
290,290,0,0.1698602942111133
291,291,0,0.5803376655429855
292,292,0,0.3728424438562376
293,293,0,0.439481396163038
294,294,0,0.43392704322028103
295,295,0,0.3780769777664815
296,296,0,0.12324100824091948
297,297,0,0.1672600705104844
298,298,0,0.33443790516585564
299,299,0,0.2605984376073954
300,300,0,0.8806769658488652
301,301,0,0.4928310577151247
302,302,0,0.1938296187511045
303,303,0,0.5138671578835547
304,304,0,0.09824806652703978
305,305,2,1.1725569959087268
306,306,1,1.0912931334858662
307,307,0,0.2518971754918857
308,308,0,0.2115297429700341
309,309,0,0.1268554562938027
310,310,0,0.20427172348748984
311,311,0,0.19619252950990887
312,312,0,0.13264025468655696
313,313,0,0.5942192654197375
314,314,0,0.2733922211578481
315,315,0,0.31718165387675934
316,316,0,1.4002708372008754
317,317,0,0.7046545801502376
318,318,0,0.1657871806557835
319,319,0,0.44119635277315433
320,320,0,0.42661772290079975
321,321,0,0.19201181133970238
322,322,0,0.1874732657238736
323,323,0,0.10783810542601167
324,324,0,0.1411890647792807
325,325,0,0.772842403793743
326,326,0,0.19699766540628028
327,327,0,0.21886220770032816
328,328,0,0.4857911235126813
329,329,0,0.4258829644733694
330,330,0,0.24939018694931028
331,331,0,0.24006015618759005
332,332,0,0.24235425994807877
333,333,0,0.40504436825663526
334,334,0,0.08581365783670585
335,335,0,0.5326984970727804
336,336,0,0.10111472182401465
337,337,0,0.16388085859033757
338,338,0,0.32606981953476966
339,339,0,0.2898358857458417
340,340,0,0.6625779718418682
341,341,0,0.16348595618847828
342,342,0,0.4915000571157016
343,343,0,0.8798404999830675
344,344,0,0.24450027049607892
345,345,0,0.14101991593656907
346,346,0,0.4169876001057451
347,347,0,0.23221877069172683
348,348,0,0.16875527418812591
349,349,0,0.667271954931437
350,350,0,0.10037908113634375
351,351,0,0.1149322229393345
352,352,0,0.24190616811230797
353,353,0,0.635122345738735
354,354,0,0.11402902661275963
355,355,0,0.13410753900428274
356,356,2,0.9757945156904083
357,357,0,0.34326176930913194
358,358,0,0.19409071185477966
359,359,0,0.43345188256471856
360,360,0,0.3942144884167103
361,361,0,0.1643009575886549
362,362,0,0.20606376738394783
363,363,0,0.1447264905947279
364,364,0,0.37931513823012364
365,365,0,0.5882861369811466
366,366,0,0.27547840319441946
367,367,0,0.15578064072044134
368,368,0,0.16688418066941707
369,369,0,0.4344732553992915
370,370,0,0.4305061248039578
371,371,0,0.10423992265076651
372,372,0,0.09741981309671331
373,373,0,0.1561638545003301
374,374,0,0.15692090146687415
375,375,0,0.15734301207433576
376,376,0,0.20804040572414031
377,377,0,0.345146328820085
378,378,0,0.08340426452545882
379,379,0,0.11449605160220994
380,380,0,0.27007233055355767
381,381,0,0.09470014928800977
382,382,0,0.1916681817560159
383,383,1,1.306846420125001
384,384,0,0.09210753741135626
385,385,0,0.23302225701775192
386,386,0,0.10408409032039918
387,387,0,0.10153684330296223
388,388,0,0.2354612702305642
389,389,0,0.3596282568364343
390,390,0,0.3872235081561513
391,391,0,0.10381326374347241
392,392,0,0.1465598060897718
393,393,0,0.10805057962704717
394,394,0,0.3668817953504188
395,395,0,0.13283055471330746
396,396,0,0.7106098533337186
397,397,0,0.19517962487841148
398,398,0,0.14299373400667093
399,399,0,0.14445690311700746
400,400,0,0.3985592659181454
401,401,0,0.19528548717049726
402,402,0,0.3185782306585111
403,403,0,0.10018013778075176
404,404,0,0.12437996221392232
405,405,0,0.185215132265153
406,406,0,0.25097155601454346
407,407,0,0.11043202366855842
408,408,0,0.0846357448497499
409,409,0,0.72633485408162
410,410,0,0.16351007149007796
411,411,0,0.09715680785480131
412,412,0,0.12881682045320417
413,413,0,0.1669900108237418
414,414,0,1.3446820922779485
415,415,0,0.10834619965810399
416,416,0,0.34017491742614
417,417,0,0.44076172026022287
418,418,0,0.15608622049596915
419,419,0,0.0964620172505529
420,420,0,0.20076086255911949
421,421,0,0.22456008497247282
422,422,0,0.1491634154593729
423,423,0,0.2586935002744775
424,424,0,0.18235115102582747
425,425,0,0.22759746499314787
426,426,0,0.23745360079333103
427,427,0,0.21071725726126633
428,428,0,0.2811729517477419
429,429,0,0.16170744654228414
430,430,0,0.22618957348689578
431,431,0,0.1394835121561076
432,432,0,0.3712674903314325
433,433,0,0.22317230469450225
434,434,0,0.09232381717331369
435,435,0,0.1300479044664569
436,436,0,0.5084965004421305
437,437,0,0.1042988846862461
438,438,0,0.5150646019668812
439,439,0,0.29080210873764545
440,440,0,0.16277207316827108
441,441,0,0.6535984387115891
442,442,0,0.13323870189815112
443,443,0,0.6305760747727253
444,444,0,0.2474525968791514
445,445,0,0.0701251119584218
446,446,0,0.15591359333539292
447,447,0,0.2899702686202856
448,448,0,0.20097165200534117
449,449,0,0.09834530119135115
450,450,0,0.3330367904993885
451,451,0,0.11666542881743909
452,452,0,0.13986548758697917
453,453,0,0.26912958367573137
454,454,0,0.13957701157951277
455,455,0,0.33818822301470014
456,456,0,0.1785205780736625
457,457,0,0.6351606382658668
458,458,0,0.2059019683362091
459,459,0,0.23606534798764528
460,460,0,0.44155223832275925
461,461,0,0.1245843352756067
462,462,0,0.09351387766485438
463,463,0,0.132696008895796
464,464,0,0.16563217873068745
465,465,0,0.10431270858581826
466,466,0,0.8418897986655312
467,467,0,0.11888372042987741
468,468,0,0.10267136362298226
469,469,0,0.08282390799067159
470,470,0,0.20699051038516267
471,471,0,0.25323142925310854
472,472,0,0.20876083444002272
473,473,0,0.35085695203670586
474,474,0,0.12779750913739152
475,475,0,0.19918611425203525
476,476,0,0.14228016383006947
477,477,0,0.1498499635212659
478,478,0,0.14819749193458032
479,479,0,0.13829173303972236
480,480,0,0.14471396964694583
481,481,0,0.3510300173355784
482,482,0,0.11899360922020664
483,483,0,0.1962729322514836
484,484,0,0.9346527062574415
485,485,0,0.21810159491139713
486,486,0,0.0894036957612213
487,487,0,0.34943330740193634
488,488,0,0.22104890414500922
489,489,0,0.2304450409988092
490,490,0,0.3126095101690866
491,491,0,0.10986721593143284
492,492,0,0.42077004314854205
493,493,0,0.15062903582185716
494,494,0,0.37693058043705174
495,495,0,0.12946610927148713
496,496,0,0.378365646078398
497,497,0,0.27383493164879635
498,498,0,0.2935241137817517
499,499,0,0.4343475107718238
500,500,0,0.24964522611916956
501,501,0,0.08466246479445573
502,502,0,0.11695091198949514
503,503,0,0.19276029710938009
504,504,0,0.1072092675903129
505,505,0,0.724471126895998
506,506,0,0.14154971354552964
507,507,0,0.117427769356953
508,508,0,0.22162751284948734
509,509,0,0.10613191911133737
510,510,0,0.764852430337368
511,511,0,0.11251846033256718
512,512,0,0.8054983739743892
513,513,0,0.1380731677981853
514,514,0,0.1858046068944199
515,515,0,0.8086287408257684
516,516,0,0.3149569391999055
517,517,0,0.1953628458045272
518,518,0,0.19121513467917575
519,519,0,0.3061733684869641
520,520,0,0.09792683354467523
521,521,0,0.10471902399027917
522,522,0,0.13536070757289118
523,523,0,0.17157507023406435
524,524,0,0.2524685288230647
525,525,0,0.091197421265417
526,526,0,0.15102126036996344
527,527,0,0.11219113498844241
528,528,0,0.14012928198456917
529,529,0,0.1642040156558985
530,530,0,0.09074468750705363
531,531,0,0.26836034472205056
532,532,0,0.09082974179378939
533,533,0,0.15867060838801414
534,534,0,0.46468330267542224
535,535,0,0.23319840352443738
536,536,0,0.32628216724748726
537,537,0,0.22341994604837564
538,538,0,0.20391502315764487
539,539,0,0.24900341909874105
540,540,0,0.1124045069152079
541,541,0,0.09795408253851419
542,542,0,0.2629907467467014
543,543,0,0.12974931240041807
544,544,0,0.15452470513498942
545,545,0,0.13557677503368037
546,546,0,0.18546370248022387
547,547,0,0.13579836283849048
548,548,0,0.354627145091437
549,549,0,0.19694210648570834
550,550,0,0.10409079506219937
551,551,0,0.2572130183322727
552,552,0,0.11645363917776044
553,553,0,0.2067600117193086
554,554,1,1.1490181006759526
555,555,0,0.10702986103691706
556,556,0,0.10263074566155478
557,557,0,0.12474451871327417
558,558,0,0.3137889718695709
559,559,0,0.21638820955763308
560,560,0,0.5109021245982454
561,561,0,0.32737959274471473
562,562,0,0.4868174333712149
563,563,0,0.12315990227737827
564,564,0,0.13072424005394337
565,565,0,0.37724699644220094
566,566,0,0.3942975626514186
567,567,0,0.5163307268006686
568,568,0,0.09515216608563846
569,569,0,0.1563144970036699
570,570,0,0.18751613482829443
571,571,0,0.09205642527286767
572,572,0,0.11107156237902595
573,573,0,0.0804359169288188
574,574,0,0.1077952067438863
575,575,0,0.43147610296691896
576,576,0,0.20505862617810516
577,577,0,0.1269333097833334
578,578,0,0.22158205327278346
579,579,0,0.1300121018363058
580,580,0,0.5855355462577606
581,581,0,0.07882111144134042
582,582,0,0.19669127757859825
583,583,0,0.10902157821451017
584,584,0,0.23024351483842218
585,585,0,0.48088237084278196
586,586,0,0.16418000850674622
587,587,0,0.09641548371866349
588,588,0,0.2573618711387271
589,589,0,0.44761130741165867
590,590,0,0.09230921217262746
591,591,0,0.07515357171631248
592,592,0,0.28217775594042593
593,593,0,0.1498579727407296
594,594,0,0.23374288780303468
595,595,0,0.18602556574483936
596,596,0,0.2569744340157695
597,597,0,0.07534546079882033
598,598,0,0.5733118564922272
599,599,0,0.276811481850181
600,600,0,0.32161746701857524
601,601,0,0.20521169031415348
602,602,0,0.07651262630206852
603,603,0,0.10000358378148386
604,604,0,0.12922732637998738
605,605,0,0.237421405041005
606,606,0,0.08581145015194343
607,607,0,0.09071666134963606
608,608,0,0.08607580497194228
609,609,0,0.138409338152651
610,610,0,0.11835420024582127
611,611,0,0.1775415640889475
612,612,0,0.10567679919361984
613,613,0,0.23011213557370375
614,614,0,0.09403709083513494
615,615,0,0.1053042318550394
616,616,0,0.16413444992197898
617,617,0,0.12137467925602304
618,618,0,0.17584791068898395
619,619,0,0.12244745536097143
620,620,0,0.10905398849893418
621,621,0,0.118204908007498
622,622,0,0.09613864760563925
623,623,0,0.9135833864687493
624,624,0,0.4609538997740233
625,625,0,0.12262748764292965
626,626,0,0.09890874226619603
627,627,0,0.11489813703183446
628,628,0,0.4372579715282311
629,629,0,0.3980898576120996
630,630,0,0.09211979758976813
631,631,0,0.09219499359717333
632,632,0,0.47378905389408377
633,633,0,0.16776900542515757
634,634,0,0.10027726630663457
635,635,0,0.2105208957147184
636,636,0,0.08365853204782057
637,637,0,0.09711899766343292
638,638,0,0.2512536268552935
639,639,0,0.13571543057978872
640,640,0,0.16057825153249775
641,641,0,0.11854099525753954
642,642,0,0.13830211850640114
643,643,0,0.13232060023622566
644,644,0,0.13095095655894926
645,645,0,0.13105483458125214
646,646,0,0.07844994070393742
647,647,0,0.17623817502342057
648,648,0,0.14955841494517502
649,649,0,0.14975317933161972
650,650,0,0.11232651362391906
651,651,0,0.3827424160859636
652,652,0,0.7696981496584173
653,653,0,0.14342923774409747
654,654,0,0.09709550188136876
655,655,0,0.11833884193960022
656,656,0,0.32400802893532726
657,657,0,0.09843805097041429
658,658,0,0.10505624940371518
659,659,0,0.23215193539836868
660,660,1,1.3771843683120388
661,661,0,0.5251101464235691
662,662,0,0.11989369031641212
663,663,0,0.3383410981309748
664,664,0,0.1252076839226903
665,665,0,0.15332675954107583
666,666,0,0.14641575850038333
667,667,0,0.17600203511192392
668,668,0,0.13704774754452054
669,669,0,0.3071985513864135
670,670,0,0.1027428022113988
671,671,0,0.12257604088679305
672,672,0,0.3895133488781938
673,673,0,0.18450003602390908
674,674,0,0.15128894040717195
675,675,0,0.09104197590464459
676,676,0,0.09806208486258225
677,677,0,0.3836230141464498
678,678,0,0.3004527549243413
679,679,0,0.1162499240239329
680,680,0,0.13959692057276896
681,681,0,0.1537159110321377
682,682,0,0.15098440486397735
683,683,0,0.7241533843684764
684,684,0,0.1580335004054587
685,685,0,0.21212167447682123
686,686,0,0.08924601098037677
687,687,0,0.7097371887170397
688,688,0,0.22683586768003838
689,689,0,0.12877660901907595
690,690,0,0.12285020965684139
691,691,0,0.12540334067870434
692,692,0,0.09613712659536063
693,693,0,0.1464681026528368
694,694,0,0.5580754041752866
695,695,0,0.12797160979048836
696,696,0,0.14877913294032577
697,697,0,0.2717760398199777
698,698,0,0.19424364083102558
699,699,0,0.08350854767607191
700,700,0,0.1322224090951797
701,701,0,0.39082532468144404
702,702,0,0.30635168740121377
703,703,0,0.15928603557827986
704,704,0,0.11437561596349705
705,705,0,0.0892222591225081
706,706,0,0.13905240075276665
707,707,0,0.20327680349718982
708,708,0,0.1267803848511524
709,709,0,0.11460913924986593
710,710,0,0.12348312071682215
711,711,0,0.13637927290840393
712,712,0,0.17193272130765302
713,713,0,0.08689346879823145
714,714,0,0.17634513422390782
715,715,0,0.4995380596236214
716,716,0,0.16152723436362243
717,717,0,0.1483925630093605
718,718,0,0.15440688350053022
719,719,0,0.11511400363461263
720,720,0,0.14130586191539796
721,721,0,0.08045192195210495
722,722,0,0.18068102781275444
723,723,0,0.26429861621982365
724,724,0,0.16832399945391027
725,725,0,0.12067415364757901
726,726,0,0.13272152928760228
727,727,0,0.0805023803185491
728,728,0,0.07378485267900241
729,729,0,0.10708983557751871
730,730,0,0.28460609840840173
731,731,0,0.15184202923362428
732,732,0,0.13225884140938773
733,733,0,0.13809423970332943
734,734,0,0.17316109772486002
735,735,0,0.12639326965001685
736,736,0,0.14975353216719958
737,737,0,0.13727671412238512
738,738,0,0.42003425380955406
739,739,0,0.10199421761663649
740,740,0,0.10198571136074448
741,741,0,0.13487267569759112
742,742,0,0.16939089038116545
743,743,0,0.1340465690103986
744,744,0,0.13988831815343508
745,745,0,0.12621584137897846
746,746,0,0.13376087953682111
747,747,0,0.1191001151155614
748,748,0,0.10514459025849343
749,749,0,0.11106004000325383
750,750,0,0.2721392331426533
751,751,0,0.1387876711338312
752,752,0,0.09846469143512444
753,753,0,0.10369366554556445
754,754,0,0.13009797098427955
755,755,0,0.11405389792557905
756,756,0,0.13710747943529938
757,757,0,0.121958100141812
758,758,0,0.19315015192480464
759,759,0,0.1542336324091608
760,760,0,0.0952431304138842
761,761,0,0.13998400002860772
762,762,0,0.1244615149581906
763,763,0,0.3163885377179202
764,764,0,0.7017827718803205
765,765,0,0.1140160643721923
766,766,0,0.18576914742824163
767,767,0,0.16935802544947368
768,768,0,0.3332437092156954
769,769,0,0.15716136032221925
770,770,0,0.1331660252382627
771,771,0,0.10094505885746348
772,772,0,0.12756759195547232
773,773,0,0.10021556172253276
774,774,0,0.09477156595754432
775,775,0,0.4632024109966832
776,776,0,0.10243352335094462
777,777,0,0.1564106950473632
778,778,0,0.14025971014552707
779,779,0,0.4722651954689296
780,780,0,0.11977578651186131
781,781,0,0.14121628858542148
782,782,0,0.21231983880444485
783,783,0,0.15211923021425613
784,784,0,0.1322552402036842
785,785,0,0.17981588504078666
786,786,0,0.5111790435168451
787,787,0,0.3486279426188061
788,788,0,0.16264080598091993
789,789,0,0.16796529813015365
790,790,0,0.15949753241926654
791,791,0,0.17747998827739006
792,792,0,0.11530177900964896
793,793,0,0.23207022708111197
794,794,0,0.14287252278101745
795,795,0,0.14707154860557028
796,796,0,0.0977997215519651
797,797,0,1.0904155188954832
798,798,0,0.17771075741356318
799,799,0,0.20349496418176125
800,800,0,0.11726148439430235
801,801,0,0.24549027894726413
802,802,0,0.126757592321533
803,803,0,0.17016655284403673
804,804,0,0.13741072453446526
805,805,0,0.588855097776889
806,806,1,1.6356799742048065
807,807,0,0.10988466936895473
808,808,0,0.10885637351899305
809,809,0,0.32324235281079877
810,810,0,0.17835835231564848
811,811,0,0.14773904629242524
812,812,0,0.13401926471065176
813,813,0,0.11554206810852706
814,814,0,0.1269814410824601
815,815,0,0.12344555567532708
816,816,0,0.1508806431383027
817,817,0,0.15268828732412726
818,818,0,0.14806583210727547
819,819,0,0.1186531736620848
820,820,0,0.10451443688260664
821,821,0,1.5025082506222953
822,822,0,0.10075932163207207
823,823,0,0.1513322957995901
824,824,0,0.18025199339612505
825,825,0,0.10990921970821349
826,826,0,0.33614513277333513
827,827,0,0.1691555084149152
828,828,0,0.12167622971618003
829,829,0,0.5100278721990037
830,830,0,0.14316799787641526
831,831,0,0.12709230825794032
832,832,0,0.10770750151348735
833,833,0,0.13284639419892305
834,834,0,0.12977684321609628
835,835,0,0.17881536462404712
836,836,0,0.10028381172580841
837,837,0,0.1570255310802671
838,838,1,1.333471910382547
839,839,0,0.2463348640690223
840,840,0,0.10673622622458317
841,841,0,0.15339400746709522
842,842,0,0.1506441656672558
843,843,0,0.11273310230589546
844,844,0,0.25871106816143874
845,845,0,0.11548830126825257
846,846,0,0.11228987425752349
847,847,0,0.11353591361473112
848,848,0,0.14190437398585498
849,849,0,0.16331774509506017
850,850,0,0.0999782064226369
851,851,0,0.3013723918175995
852,852,0,0.3136922938728367
853,853,0,0.3532791850952103
854,854,0,0.13860784981236915
855,855,0,0.1304564917849253
856,856,0,0.1585339737358376
857,857,0,0.12371707349514739
858,858,0,0.12668123196447512
859,859,0,0.1024537858491067
860,860,0,0.11858493747715891
861,861,0,0.16187676157329586
862,862,0,0.14405191959972638
863,863,0,0.17273788360515224
864,864,0,0.17213492751878032
865,865,0,0.1268989681957113
866,866,0,0.19622365794620852
867,867,0,0.12399922342454486
868,868,0,0.15589395795854522
869,869,0,0.13238596782418843
870,870,0,0.165271554171671
871,871,0,0.1536549253012702
872,872,0,0.11772892312996025
873,873,0,0.18250996050757046
874,874,0,0.16382609919148122
875,875,0,0.16510199449091745
876,876,0,0.1366209734692247
877,877,2,1.4053457507033393
878,878,0,0.16037828740914822
879,879,0,0.13867197611892665
880,880,0,0.09833367814612663
881,881,0,0.4071184583148136
882,882,0,0.14422701929074738
883,883,0,0.1622269018349934
884,884,0,0.13792605734239952
885,885,0,0.15859284451461947
886,886,0,0.09316440116919393
887,887,0,0.08591704697883867
888,888,0,0.11583779591615188
889,889,0,0.10730438738518099
890,890,0,0.0842389638862137
891,891,0,0.16251571370601647
892,892,0,0.20975792960446488
893,893,0,0.14575257975872907
894,894,0,0.33681219385476047
895,895,0,0.10699355249097608
896,896,0,0.5671949843462767
897,897,0,0.1165799394124671
898,898,0,0.16332206604087102
899,899,0,0.10853440165679547
900,900,0,0.16953070732729192
901,901,0,0.10890004064610724
902,902,0,0.11550178025744418
903,903,0,0.16714215368254678
904,904,0,0.16335486431487983
905,905,0,0.15475867346973268
906,906,0,0.10654691272751889
907,907,0,0.1672934288249518
908,908,0,0.1673334203207453
909,909,0,0.15313423627124959
910,910,0,0.13034043450356483
911,911,0,0.1692669088323635
912,912,0,0.103517306733959
913,913,0,0.12059944976705504
914,914,0,0.18733927781530746
915,915,0,0.13351970380610637
916,916,0,0.18693314868625693
917,917,0,0.658243617482254
918,918,0,0.10142717157632163
919,919,0,0.15994850044712008
920,920,0,0.12702605038609938
921,921,0,0.16796530809818086
922,922,0,0.16060283579021267
923,923,0,0.11831779701350625
924,924,0,0.11899358129940688
925,925,0,0.1433368612815703
926,926,0,0.17619350812080167
927,927,0,0.3632765359349637
928,928,0,0.1592102191974699
929,929,0,0.12793528860729472
930,930,0,0.21830578359078526
931,931,0,0.14676879719814664
932,932,0,0.17616879163292118
933,933,0,0.12922800501688902
934,934,0,0.1995146476947942
935,935,0,0.13280703096025526
936,936,0,0.12674470992676715
937,937,0,0.15818803835546189
938,938,0,0.10373966866260653
939,939,0,0.1263021461548448
940,940,0,0.4462369108934367
941,941,0,0.15202649142325694
942,942,0,0.20211012275502308
943,943,0,0.1716953906542376
944,944,0,0.13837044732729983
945,945,0,0.1907879786899699
946,946,0,0.14933864422472679
947,947,0,0.1452532469979105
948,948,0,0.14613070162561156
949,949,0,0.19049556035083087
950,950,0,0.12008676097668855
951,951,0,0.08918919852270818
952,952,0,0.14164726909706518
953,953,0,0.1342626030664307
954,954,0,0.16887100909514938
955,955,0,0.1021612339077538
956,956,0,0.3336242016331794
957,957,0,0.13720049327811643
958,958,0,0.11858303260795934
959,959,0,0.10487654371190808
960,960,0,0.17260656046675588
961,961,0,0.1332861363578061
962,962,0,0.4958214762101029
963,963,0,0.19350547701586154
964,964,0,0.10965610586394789
965,965,0,0.17169802602225426
966,966,0,0.11177666645342905
967,967,0,0.19959955132210866
968,968,0,0.13193999827586744
969,969,0,0.1629033986399333
970,970,0,0.12754644603765458
971,971,0,0.15570549402791536
972,972,0,0.14224892410462697
973,973,0,0.10739855712427536
974,974,0,0.2893822622931046
975,975,0,0.14539699947692855
976,976,0,0.16348897015899166
977,977,0,0.1586268678669837
978,978,0,0.14756099671275535
979,979,0,0.18484182907929272
980,980,0,0.10624602761669122
981,981,0,0.13075230909904254
982,982,0,0.14561306038618738
983,983,0,0.18127446379281204
984,984,0,0.12544314615403557
985,985,0,0.17925002938131734
986,986,0,0.12844208205797844
987,987,0,0.5255542339967525
988,988,0,0.1698567638113715
989,989,0,0.12580301718419842
990,990,0,0.17607504830812734
991,991,0,0.33295501593226734
992,992,0,0.708900190701789
993,993,0,0.18172139785212946
994,994,0,0.21618367780506498
995,995,0,0.12908241056458164
996,996,0,0.17144127429670605
997,997,0,0.14885349846573145
998,998,0,0.18187324582968856
999,999,0,0.1423580885703854
1000,1000,0,0.12458754313784286
1001,1001,0,0.5741598063204673
1002,1002,0,0.12185091447701824
1003,1003,0,0.20861959456857893
1004,1004,0,0.1139851358257317
1005,1005,0,0.149228210386438
1006,1006,0,0.17852026052060774
1007,1007,0,0.16282278849336354
1008,1008,0,0.14600559999636367
1009,1009,0,0.18240120681458308
1010,1010,0,0.15263991025661408
1011,1011,0,0.12245901198452984
1012,1012,0,0.13640979749948573
1013,1013,0,0.12984980265217522
1014,1014,0,0.13654081122049075
1015,1015,0,0.19259579757559508
1016,1016,0,0.18359764469662754
1017,1017,0,0.11955542325312195
1018,1018,0,0.15025945750821848
1019,1019,0,0.11266356363450797
1020,1020,0,0.19514934692798766
1021,1021,0,0.12703762037707989
1022,1022,0,0.14022559125786746
1023,1023,0,0.8053092164160052
1024,1024,0,0.30538012675146575
1025,1025,0,0.1462685660006568
1026,1026,0,0.1682834610260479
1027,1027,0,0.16314237387458758
1028,1028,0,0.17156512732183454
1029,1029,0,0.16281675091471143
1030,1030,0,0.5732191604096356
1031,1031,0,0.13104726406552658
1032,1032,0,0.14452950942855605
1033,1033,0,0.16813683110404218
1034,1034,0,0.1465958467029454
1035,1035,0,0.19867216686878195
1036,1036,0,0.18526944603745962
1037,1037,0,0.13572821275093275
1038,1038,0,0.1563597645410522
1039,1039,0,0.11578292716043116
1040,1040,0,0.12318159381761869
1041,1041,0,0.2232005281500724
1042,1042,0,0.13889119949853154
1043,1043,0,0.12561384004708295
1044,1044,0,0.11831560810948948
1045,1045,0,0.1449369004232224
1046,1046,0,0.1952919271368656
1047,1047,0,0.19160308380393465
1048,1048,0,0.1782330178035761
1049,1049,0,0.2353968169467676
1050,1050,0,0.18862915540460978
1051,1051,0,0.1933017397560401
1052,1052,0,0.11868634413710807
1053,1053,0,0.1102613179473193
1054,1054,0,0.13902590776556417
1055,1055,0,0.16344150567432356
1056,1056,0,0.1971570593721586
1057,1057,0,0.17215106849819709
1058,1058,0,0.1249996588990716
1059,1059,0,0.14330081057440777
1060,1060,0,0.12910361395351747
1061,1061,0,0.13430804267495056
1062,1062,0,0.1417190479956978
1063,1063,0,0.1975572043762241
1064,1064,0,0.18639634862599
1065,1065,0,0.17839677419897887
1066,1066,0,0.17218528441738
1067,1067,0,0.1707609575779117
1068,1068,0,0.3448936406482506
1069,1069,0,0.155701340672605
1070,1070,0,0.19806372546149137
1071,1071,0,0.170257298750246
1072,1072,0,0.13571458152237603
1073,1073,0,0.17222364162404924
1074,1074,0,0.14625872827397565
1075,1075,0,0.17139786551986427
1076,1076,0,0.20429431027430978
1077,1077,0,0.18033619513168092
1078,1078,0,0.158960229495676
1079,1079,0,0.16858360234994196
1080,1080,0,0.17537169893384763
1081,1081,0,0.18328786666074656
1082,1082,0,0.18167187339450633
1083,1083,0,0.18723241725811493
1084,1084,0,0.09009539862391161
1085,1085,0,0.1315095922375329
1086,1086,0,0.37472332430100397
1087,1087,0,0.15190710919401185
1088,1088,0,0.16922029796113838
1089,1089,0,0.14848741282557973
1090,1090,0,0.14377047625677325
1091,1091,0,0.299929686341874
1092,1092,0,0.159605128075954
1093,1093,0,0.21307130452654752
1094,1094,0,0.11596907924940837
1095,1095,0,0.13126574845265238
1096,1096,0,0.1464003894404136
1097,1097,0,0.19388877238385088
1098,1098,0,0.18406163322950547
1099,1099,0,0.14545949878949474
1100,1100,0,0.1626765646485473
1101,1101,0,0.9668967987943085
1102,1102,0,0.19031889297996468
1103,1103,0,0.44745028077088733
1104,1104,0,0.148524359935701
1105,1105,0,0.17386371918384896
1106,1106,0,0.12637045266826166
1107,1107,0,0.18493482459413865
1108,1108,0,0.17857941988556666
1109,1109,0,0.21691443577643224
1110,1110,0,0.199252397460556
1111,1111,0,0.21767547011118996
1112,1112,0,0.1305439549601168
1113,1113,0,0.18078460650285996
1114,1114,0,0.14758893946536483
1115,1115,0,0.1812306365532804
1116,1116,0,0.12304194321750506
1117,1117,0,0.22041297338281626
1118,1118,0,0.20203423599313192
1119,1119,0,0.14989971356604223
1120,1120,0,0.14932371040382747
1121,1121,0,0.11211640731743472
1122,1122,0,0.1250796764272969
1123,1123,0,0.20047000235300258
1124,1124,0,0.18931219031772742
1125,1125,0,0.18442641307614
1126,1126,0,0.1633162502634132
1127,1127,0,0.13438953425276542
1128,1128,0,0.1719601374810476
1129,1129,0,0.2037414881104608
1130,1130,0,0.15556616953378027
1131,1131,0,0.17775013249038663
1132,1132,0,0.11078162753812393
1133,1133,0,0.10905997448114055
1134,1134,0,0.15945964269004803
1135,1135,0,0.14518799012370673
1136,1136,0,0.24977936289178654
1137,1137,0,0.11900900979993277
1138,1138,0,0.15352747583754167
1139,1139,0,0.1396396893800666
1140,1140,0,0.1359333769326323
1141,1141,0,0.1615688724825799
1142,1142,0,0.15216413539365997
1143,1143,0,0.6650093732837836
1144,1144,0,0.18481103787442021
1145,1145,0,0.16010447279026938
1146,1146,0,0.17171445055188897
1147,1147,0,0.1376769352326948
1148,1148,0,0.14142344796696724
1149,1149,0,0.1399405374166488
1150,1150,0,0.11847586838590897
1151,1151,0,0.2790192895689251
1152,1152,0,0.48098284715557377
1153,1153,0,0.17256144243714322
1154,1154,0,0.1492024006467702
1155,1155,0,0.11848873004317412
1156,1156,0,0.354905341434478
1157,1157,0,0.19611258060735537
1158,1158,0,0.18636534335392482
1159,1159,0,0.16385398333155762
1160,1160,0,0.18022425621933102
1161,1161,0,0.10510878270451077
1162,1162,0,0.16728297864861844
1163,1163,0,0.18905920728606776
1164,1164,0,0.15312362344061747
1165,1165,0,0.16718292517962294
1166,1166,0,0.21501838183534527
1167,1167,0,0.13744066207884603
1168,1168,0,0.20154441513308607
1169,1169,0,0.13949849171987136
1170,1170,0,0.15787224122643118
1171,1171,0,0.17217951046974153
1172,1172,0,0.17288388449370698
1173,1173,0,0.16103391002332948
1174,1174,0,0.22304259908781215
1175,1175,0,0.12020424035236466
1176,1176,0,0.1482111655130849
1177,1177,0,0.11121869754634811
1178,1178,0,0.17824736275748215
1179,1179,0,0.2082608728331361
1180,1180,0,0.16832430501959503
1181,1181,0,0.13371473953298837
1182,1182,0,0.17337693597506318
1183,1183,0,0.1781557005794653
1184,1184,0,0.18880016877673098
1185,1185,0,0.3814855006654754
1186,1186,0,0.15347150973931925
1187,1187,0,0.14282516631013126
1188,1188,0,0.21567553490148014
1189,1189,0,0.15963717149857568
1190,1190,0,0.11257900141352209
1191,1191,0,0.11062462270082761
1192,1192,0,0.21127220845640862
1193,1193,0,0.3300293024153242
1194,1194,0,0.13780489204618995
1195,1195,0,0.1159772838875047
1196,1196,0,0.14609065724314793
1197,1197,0,0.17327880564326056
1198,1198,0,0.17030490571702742
1199,1199,0,0.2563150350900303
1200,1200,0,0.14080897532086437
1201,1201,0,0.14146341743547944
1202,1202,0,0.15885175665528695
1203,1203,0,0.15920781616045945
1204,1204,0,0.18794098716875757
1205,1205,0,0.15374138331689297
1206,1206,0,0.2254903389075895
1207,1207,0,0.211291736186745
1208,1208,0,0.11211710825519101
1209,1209,0,0.20926888839192315
1210,1210,0,0.15920437354974779
1211,1211,0,0.1362413642975001
1212,1212,0,0.12306994940032166
1213,1213,0,0.20876152817304686
1214,1214,0,0.19212262849425782
1215,1215,0,0.14694966823720415
1216,1216,0,0.16045291820886431
1217,1217,0,0.12542440956055234
1218,1218,0,0.16890181702720472
1219,1219,0,0.14925488551493105
1220,1220,0,0.1736972955908313
1221,1221,0,0.19852350015817657
1222,1222,0,0.15142963784773109
1223,1223,0,0.10795113645963242
1224,1224,0,0.19757020015015372
1225,1225,0,0.16108716220224073
1226,1226,0,0.16101627154198328
1227,1227,0,0.18654928711660612
1228,1228,0,0.20306364497200874
1229,1229,0,0.17197146068220884
1230,1230,0,0.19164685068074022
1231,1231,0,0.22025665631191738
1232,1232,0,0.2274906072887901
1233,1233,0,0.09717095559138718
1234,1234,0,0.1293691428651108
1235,1235,0,0.18297897146331277
1236,1236,0,0.15575334881973507
1237,1237,0,0.19402420909293164
1238,1238,0,0.14914529015971204
1239,1239,0,0.1995133721255377
1240,1240,0,0.1991283054996845
1241,1241,0,0.10720081101321649
1242,1242,0,0.16172634972877273
1243,1243,0,0.41804740031849397
1244,1244,0,0.20585854865713374
1245,1245,0,0.19386228505344724
1246,1246,0,0.23975486687530345
1247,1247,0,0.17246769634366219
1248,1248,0,0.1486119214528662
1249,1249,0,0.20801059172244463
1250,1250,0,0.17948262498540868
1251,1251,0,0.18247860782193864
1252,1252,0,0.18708969145290877
1253,1253,0,0.19910899571025106
1254,1254,0,0.23649392107330292
1255,1255,0,0.12145267988874554
1256,1256,0,0.13948255138006013
1257,1257,0,0.38146825406030516
1258,1258,0,0.18581401682670382
1259,1259,0,0.18467436056622294
1260,1260,0,0.1843485051519114
1261,1261,0,0.12358860559891743
1262,1262,0,0.2199772686305156
1263,1263,0,0.12438660205821366
1264,1264,0,0.14770613086177095
1265,1265,0,0.14519179862697784
1266,1266,0,0.2172808919335385
1267,1267,0,0.37361033373149855
1268,1268,0,0.1660749430765016
1269,1269,0,0.1540803677233296
1270,1270,0,0.15558592221115503
1271,1271,0,0.36810517007149857
1272,1272,0,0.17221013158576287
1273,1273,0,0.1668497839651264
1274,1274,0,0.16549873563529038
1275,1275,0,0.16962174297872068
1276,1276,0,0.18719933618890133
1277,1277,0,0.16167551180355913
1278,1278,0,0.22316658087791916
1279,1279,0,0.43432321041721517
1280,1280,0,0.16492156291527665
1281,1281,0,0.18405543314280234
1282,1282,0,0.22617192648930207
1283,1283,0,0.16093401514610986
1284,1284,0,0.17644819401418743
1285,1285,0,0.16786743218294276
1286,1286,0,0.209001140163416
1287,1287,0,0.18693679633795404
1288,1288,0,0.1760698597891359
1289,1289,0,0.16097203754684372
1290,1290,0,0.17650725293104477
1291,1291,0,0.16128613696450808
1292,1292,0,0.1779190123606948
1293,1293,0,0.1385480290544497
1294,1294,0,0.21661292950012837
1295,1295,0,0.19352700064514014
1296,1296,0,0.20378881006527164
1297,1297,0,0.1773013648891277
1298,1298,0,0.16953069202617307
1299,1299,0,0.1641289486434493
1300,1300,0,0.18967339228475236
1301,1301,0,0.22054950229710849
1302,1302,0,0.19115387988532156
1303,1303,0,0.9453806674607984
1304,1304,0,0.14467703940966967
1305,1305,0,0.210715523577767
1306,1306,0,0.18541719348136293
1307,1307,0,0.16889684571909797
1308,1308,0,0.18420670001056477
1309,1309,0,0.165912365728006
1310,1310,0,0.1765091356533174
1311,1311,0,0.16464967108060402
1312,1312,0,0.196040824161544
1313,1313,0,0.179126643902469
1314,1314,0,0.2042652675907017
1315,1315,0,0.16522685096980616
1316,1316,0,0.18263085574637616
1317,1317,0,0.19715214446580676
1318,1318,0,0.193580815203614
1319,1319,0,0.20432982896879442
1320,1320,0,0.40149797934605563
1321,1321,0,0.2047341535109097
1322,1322,0,0.18990678629268934
1323,1323,0,0.17742438192181895
1324,1324,0,0.6539521931641109
1325,1325,0,0.25713789927711256
1326,1326,0,0.1434795482130649
1327,1327,0,0.18382215802072635
1328,1328,0,0.21710720935124486
1329,1329,0,0.18110205994730078
1330,1330,0,0.14520045860651917
1331,1331,0,0.11684525995130088
1332,1332,0,0.1784513844836942
1333,1333,0,0.13699912817460427
1334,1334,0,0.22029094244963274
1335,1335,0,0.18689864201251913
1336,1336,0,0.17853402771555163
1337,1337,0,0.21986586262989632
1338,1338,0,0.1218695876648673
1339,1339,0,0.24466771001745266
1340,1340,0,0.14340626774308846
1341,1341,0,0.1961613545174698
1342,1342,0,0.21608385523100995
1343,1343,0,0.1497256136974968
1344,1344,0,0.23596984249433867
1345,1345,0,0.18893862613825402
1346,1346,0,0.20570632479371215
1347,1347,0,0.24536722674032208
1348,1348,0,0.1840463545794439
1349,1349,0,0.18839021624577532
1350,1350,0,0.17956282944960805
1351,1351,0,0.1456522552124592
1352,1352,0,0.18910078403613884
1353,1353,0,0.18953254766814703
1354,1354,0,0.20818419302159946
1355,1355,0,0.23233741177088144
1356,1356,0,0.1877585346401857
1357,1357,0,0.19643877281044397
1358,1358,0,0.1778946602575121
1359,1359,0,0.19088022857811415
1360,1360,0,0.19009503116333945
1361,1361,0,0.19073891642503307
1362,1362,0,0.19057831795026992
1363,1363,0,0.16911597577419832
1364,1364,0,0.2966152204741566
1365,1365,0,0.20061583095692115
1366,1366,0,0.176390077369376
1367,1367,0,0.19255013347646485
1368,1368,0,0.16351284124337775
1369,1369,0,0.16731252795690116
1370,1370,0,0.2075566587561579
1371,1371,0,0.167335855550462
1372,1372,0,0.21443982260364644
1373,1373,0,0.176451393431844
1374,1374,0,0.18622792890903372
1375,1375,0,0.19183752798613493
1376,1376,0,0.20507322452984575
1377,1377,0,1.120848483598141
1378,1378,0,0.1432114886356661
1379,1379,0,0.16960783203183205
1380,1380,0,0.20005785999367223
1381,1381,0,0.3958447291612297
1382,1382,0,0.17436405959580592
1383,1383,0,0.16864560149426067
1384,1384,0,0.19650958855658823
1385,1385,0,0.17752170195349007
1386,1386,0,0.8697325734469447
1387,1387,0,0.10559465968260544
1388,1388,0,0.21064364837543342
1389,1389,0,0.1936006591924857
1390,1390,0,0.1922571205446936
1391,1391,0,0.12629074855392583
1392,1392,0,0.18919181006466015
1393,1393,0,0.21646996058657397
1394,1394,0,0.14479205002831
1395,1395,0,0.17960735176702936
1396,1396,0,0.15723021708763885
1397,1397,0,0.18018363620289113
1398,1398,0,0.1861443818988848
1399,1399,0,0.13331683657114216
1400,1400,0,0.1005677824350814
1401,1401,0,0.12893617870344837
1402,1402,0,0.1264400598308397
1403,1403,0,0.194721172098198
1404,1404,0,0.19243418271986262
1405,1405,0,0.18576816884310796
1406,1406,0,0.14099528891861302
1407,1407,0,0.15650011486055537
1408,1408,0,0.18097293236972592
1409,1409,0,0.19191413417148065
1410,1410,0,0.6431400754434329
1411,1411,0,0.18251321085977776
1412,1412,0,0.17374440569804453
1413,1413,0,0.29496096598997174
1414,1414,0,0.18419075781170594
1415,1415,0,0.15867048352674828
1416,1416,0,0.24416238809043797
1417,1417,0,0.17301091911278182
1418,1418,0,0.1636294800613756
1419,1419,0,0.222416551657036
1420,1420,0,0.19304007970546055
1421,1421,0,0.1578771976558132
1422,1422,0,0.545045254237186
1423,1423,0,0.24965521096882276
1424,1424,0,0.22067596956089142
1425,1425,0,0.1622237032771299
1426,1426,0,0.1948970281766066
1427,1427,0,0.21189752582794633
1428,1428,0,0.17379033834615487
1429,1429,0,0.1627755761259591
1430,1430,0,0.18266324530197342
1431,1431,0,0.1698266846272154
1432,1432,0,0.25708678965883
1433,1433,0,0.13776321395554258
1434,1434,0,0.18044292675051765
1435,1435,0,0.10814119968137148
1436,1436,0,0.19332843625518045
1437,1437,0,0.20698320320265642
1438,1438,0,0.22033371452524972
1439,1439,0,0.1446623372083517
1440,1440,0,0.22575263800581
1441,1441,0,0.14366822350653352
1442,1442,0,0.14171291598846125
1443,1443,0,0.18345313195066587
1444,1444,0,0.8324492351093615
1445,1445,0,0.2310906545876341
1446,1446,0,0.1871392507442117
1447,1447,0,0.2404109027256612
1448,1448,0,0.24146336962737386
1449,1449,0,0.12924166166765985
1450,1450,0,0.17865329295550308
1451,1451,0,0.13146845572684374
1452,1452,0,0.21687610948547012
1453,1453,0,0.2131113629228743
1454,1454,0,0.21709267190159612
1455,1455,0,0.15615175789341906
1456,1456,0,0.1800398138166854
1457,1457,0,0.16961734695979283
1458,1458,0,0.17564277190707028
1459,1459,0,0.1979993499686052
1460,1460,0,0.20779394645540625
1461,1461,0,0.18748922977674584
1462,1462,0,0.2310511726235247
1463,1463,0,0.9373909010464312
1464,1464,0,0.13409103033227898
1465,1465,0,0.22593014580063167
1466,1466,0,0.16042658174125524
1467,1467,0,0.17675572023032882
1468,1468,0,0.1796333838520516
1469,1469,0,0.7930033591227157
1470,1470,0,0.17217257411298645
1471,1471,0,0.12743479191814516
1472,1472,0,0.17749730297956348
1473,1473,0,0.1650472610593102
1474,1474,0,0.2180804641737229
1475,1475,0,0.16968357088663277
1476,1476,0,0.17417103504043355
1477,1477,0,0.1701529770959063
1478,1478,0,0.19825810401764601
1479,1479,0,0.1934884945193642
1480,1480,0,0.214191474634472
1481,1481,0,0.21964195978661322
1482,1482,0,0.18076917132084955
1483,1483,0,0.5581789124066493
1484,1484,0,0.254530593322691
1485,1485,0,0.1468610165852381
1486,1486,0,0.16683298484151035
1487,1487,0,0.2130760010892821
1488,1488,0,0.15449085133826032
1489,1489,0,0.21750757748948907
1490,1490,0,0.20235329947655997
1491,1491,0,0.25158172840453535
1492,1492,0,0.21881409985468903
1493,1493,0,0.2846260186697924
1494,1494,0,0.3579813096405925
1495,1495,0,0.18082134163831856
1496,1496,0,0.22965046327718844
1497,1497,0,0.1648922341568625
1498,1498,0,0.17859986294036562
1499,1499,0,0.1983872941430481
1500,1500,0,0.17392248050153383
1501,1501,0,0.1761744637278249
1502,1502,0,0.20620870039103537
1503,1503,0,0.22289189106582563
1504,1504,0,0.2199097799435226
1505,1505,0,0.1744835441408009
1506,1506,0,0.15621703000264914
1507,1507,0,0.13036704904013552
1508,1508,0,0.14671278249773817
1509,1509,0,0.16975572638803688
1510,1510,0,0.17507697779610493
1511,1511,0,0.21887561386289126
1512,1512,0,0.37515656429129673
1513,1513,0,0.2284552020536746
1514,1514,0,0.1834760016245241
1515,1515,0,0.20668104625689074
1516,1516,0,0.2224325386386522
1517,1517,0,0.19730929927087396
1518,1518,0,0.2315633935433557
1519,1519,0,0.15432055525805302
1520,1520,0,0.19567987841168966
1521,1521,0,0.18952946174690735
1522,1522,0,0.18348102546266779
1523,1523,0,0.1853168864800365
1524,1524,0,0.19302647681629295
1525,1525,0,0.28642551135689137
1526,1526,0,0.1936088617451395
1527,1527,0,0.19839195357801326
1528,1528,0,0.1731368058936531
1529,1529,0,0.17760948294652898
1530,1530,0,0.2006599605374943
1531,1531,0,0.14580862964159388
1532,1532,0,0.23327828882954296
1533,1533,0,0.198964677830156
1534,1534,0,0.15208343469602456
1535,1535,0,0.19743315920036308
1536,1536,0,0.16087202036982384
1537,1537,0,0.15429327583632943
1538,1538,0,0.24360158424305872
1539,1539,0,0.20566472060006766
1540,1540,0,0.1718595371640342
1541,1541,0,0.1382175528320299
1542,1542,0,0.19151583242301326
1543,1543,0,0.14483670229911225
1544,1544,0,0.17395330627214511
1545,1545,0,0.20303573767401384
1546,1546,0,0.2438905964442838
1547,1547,0,0.2524344883132097
1548,1548,0,0.23136297097703243
1549,1549,0,0.23642844836591814
1550,1550,0,0.19900608306905465
1551,1551,0,0.23764466485526742
1552,1552,0,0.22135716714348697
1553,1553,0,0.212668488986533
1554,1554,0,0.21901305530802387
1555,1555,0,0.1469535261079579
1556,1556,0,0.4604272420691357
1557,1557,0,0.17397943100181576
1558,1558,0,0.24178637499606878
1559,1559,0,0.24537940205312522
1560,1560,0,0.226631250184851
1561,1561,0,0.24755260321004283
1562,1562,0,0.17876403534771682
1563,1563,0,0.1174294440319534
1564,1564,0,0.20309400502290123
1565,1565,0,0.19220406419940247
1566,1566,0,0.1906092566117161
1567,1567,0,0.21105371974758672
1568,1568,0,0.13454708216561564
1569,1569,0,0.2043846545714029
1570,1570,0,0.23241949357836067
1571,1571,0,0.2159101579458345
1572,1572,0,0.2112976154833872
1573,1573,0,0.220137155948149
1574,1574,0,0.2090813115660909
1575,1575,0,0.15658061414086072
1576,1576,0,0.22535926072735063
1577,1577,0,0.22679464444785932
1578,1578,0,0.24652074477699548
1579,1579,0,0.15444992175222091
1580,1580,0,0.19643366622841937
1581,1581,0,0.2038390657637267
1582,1582,0,0.20754194494840864
1583,1583,0,0.19447354629851327
1584,1584,0,0.36394142803411406
1585,1585,0,0.14240211309400091
1586,1586,0,0.23248239975266802
1587,1587,0,0.19768785078685844
1588,1588,0,0.20971349223714605
1589,1589,0,0.19597282288473702
1590,1590,0,0.11887059358136662
1591,1591,0,0.20588834811990264
1592,1592,0,0.2171619657475614
1593,1593,0,0.20009402574569868
1594,1594,0,0.1539524144209673
1595,1595,0,0.23506982505999108
1596,1596,0,0.18425553632113847
1597,1597,0,0.24366557321970733
1598,1598,0,0.1341986450830866
1599,1599,0,0.16957631635373913
1600,1600,0,0.18917686791238172
1601,1601,0,0.16619954572739715
1602,1602,0,0.23835595574279578
1603,1603,0,0.20796639563118485
1604,1604,0,0.1798617427141744
1605,1605,0,0.2123509283684621
1606,1606,0,0.20429546210700616
1607,1607,0,0.1917378730260943
1608,1608,0,0.14521051284499717
1609,1609,0,0.2101956608056035
1610,1610,0,0.20856496008171566
1611,1611,0,0.250050897473508
1612,1612,0,0.2195256833388768
1613,1613,0,0.1876293497935432
1614,1614,0,0.22745710591642895
1615,1615,0,0.18709093995566475
1616,1616,0,0.2182032827936445
1617,1617,0,0.18176946699004093
1618,1618,0,0.24830968430423975
1619,1619,0,0.15448366038496378
1620,1620,0,0.22760516496618163
1621,1621,0,0.1352919961896216
1622,1622,0,0.15064600846488088
1623,1623,0,0.2099964338143776
1624,1624,0,0.2369676123655448
1625,1625,0,0.1460122739012315
1626,1626,0,0.1390824578913526
1627,1627,0,0.14290339563823007
1628,1628,0,0.24161164972169039
1629,1629,0,0.22883998093440203
1630,1630,0,0.21389045576594573
1631,1631,0,0.2228120027930629
1632,1632,0,0.19015075021711159
1633,1633,0,0.15061257131564829
1634,1634,0,0.18155480326011245
1635,1635,0,0.24251467903199486
1636,1636,0,0.1793446111511501
1637,1637,0,0.29589589555148804
1638,1638,0,0.18744014958427277
1639,1639,0,0.24179653763800837
1640,1640,0,0.2204654572779267
1641,1641,0,0.17030966422968055
1642,1642,0,0.19023525295752278
1643,1643,0,0.22801798741334287
1644,1644,0,0.22390183973630973
1645,1645,0,0.14013342316693783
1646,1646,0,0.19611377996799317
1647,1647,0,0.19021550872289472
1648,1648,0,0.21198779242476895
1649,1649,0,0.14290157151656105
1650,1650,0,0.1907057217128742
1651,1651,0,0.12401949257511581
1652,1652,0,0.207861364590853
1653,1653,0,0.2072771545171517
1654,1654,0,0.20545330559954164
1655,1655,0,0.17631138871099422
1656,1656,0,0.18384555873133965
1657,1657,0,0.20997638792965934
1658,1658,0,0.13981056775803058
1659,1659,0,0.21607004932167792
1660,1660,0,0.15807534258927639
1661,1661,0,0.20444186563946914
1662,1662,0,0.16782405110021556
1663,1663,0,0.1805438837194931
1664,1664,0,0.15238967929028413
1665,1665,0,0.15070074607949072
1666,1666,1,1.07867072813363
1667,1667,0,0.2152908478132995
1668,1668,0,0.15853532302790602
1669,1669,0,0.16604811014034712
1670,1670,0,0.33200312141885635
1671,1671,0,0.17506717740415229
1672,1672,0,0.24526365754730017
1673,1673,0,0.22591414568549092
1674,1674,0,0.2028036834112758
1675,1675,0,0.1948911918192985
1676,1676,0,0.1757350838821143
1677,1677,0,0.14929416121434053
1678,1678,0,0.18682054416390756
1679,1679,0,0.25678927684933966
1680,1680,0,0.21173930303940788
1681,1681,0,0.15614017501558963
1682,1682,0,0.1661159424083002
1683,1683,0,0.1883447577758667
1684,1684,0,0.19801888915557364
1685,1685,0,0.14087904848169555
1686,1686,0,0.2325319835053416
1687,1687,0,0.2236097793731262
1688,1688,0,0.22655740553815049
1689,1689,0,0.19578208067900577
1690,1690,0,0.2194998147645613
1691,1691,0,0.2128636733133349
1692,1692,0,0.21444561781090118
1693,1693,0,0.18758140354995065
1694,1694,0,0.2205620840848941
1695,1695,0,0.2373131509570443
1696,1696,0,0.17133269885322266
1697,1697,0,0.15587018122738175
1698,1698,0,0.24628182844451021
1699,1699,0,0.20060396073149853
1700,1700,0,0.26073827456679155
1701,1701,0,0.20161082459604296
1702,1702,0,0.24913160935099624
1703,1703,0,0.18702315443199805
1704,1704,0,0.23922310451899892
1705,1705,0,0.21288416297072627
1706,1706,0,0.24346316145784394
1707,1707,0,0.24689050723677342
1708,1708,0,0.20380323511342238
1709,1709,0,0.1901083669120982
1710,1710,0,0.17847041995731147
1711,1711,0,0.1537049870628684
1712,1712,0,0.1957923777068565
1713,1713,0,0.25657475726525714
1714,1714,0,0.2506813442564947
1715,1715,0,0.172286128762448
1716,1716,0,0.11790515796440687
1717,1717,0,0.24485351494167132
1718,1718,0,0.22488442744059473
1719,1719,0,0.1724414155690136
1720,1720,0,0.19725099619757958
1721,1721,0,0.20416120173947938
1722,1722,0,0.13992007364005427
1723,1723,0,0.20245107147068056
1724,1724,0,0.24122372868427333
1725,1725,0,0.22073092550520093
1726,1726,1,1.2214271647327266
1727,1727,0,0.22104352925019846
1728,1728,0,0.19548035754734627
1729,1729,0,0.1880225545779705
1730,1730,0,0.17813630870078684
1731,1731,0,0.14101602145715955
1732,1732,0,0.21619780209204986
1733,1733,0,0.19827308622782194
1734,1734,0,0.1615410287012482
1735,1735,0,0.21541955655062137
1736,1736,0,0.14113244909002878
1737,1737,0,0.22529030082446014
1738,1738,0,0.09112742278470105
1739,1739,0,0.23493594696423306
1740,1740,0,0.17541602194202283
1741,1741,0,0.19887015282617707
1742,1742,0,0.15785817915453332
1743,1743,0,0.20016379186143873
1744,1744,0,0.20991553652395556
1745,1745,0,0.19067502229020097
1746,1746,0,0.17794292871196069
1747,1747,0,0.21639682278419733
1748,1748,0,0.22745816632574856
1749,1749,1,1.118855918061789
1750,1750,0,0.19741410021071118
1751,1751,0,0.20703290522722886
1752,1752,0,0.2221657486802535
1753,1753,0,0.2503609590556465
1754,1754,0,0.2157126853570153
1755,1755,0,0.22637015379531183
1756,1756,0,0.25862839315351466
1757,1757,0,0.21518908590945698
1758,1758,0,0.24802341888686436
1759,1759,0,0.16805302325571175
1760,1760,0,0.21889214347579322
1761,1761,0,0.23767480757770873
1762,1762,0,0.24166475393703835
1763,1763,0,0.21466284251558376
1764,1764,0,0.20820288940543794
1765,1765,0,0.1647627269564525
1766,1766,0,0.2030288657523694
1767,1767,0,0.1919379755998484
1768,1768,0,0.22846147877989428
1769,1769,0,0.2054204380391028
1770,1770,0,0.17499592442516265
1771,1771,0,0.2035626951447599
1772,1772,0,0.19087396870258022
1773,1773,0,0.2548148611948794
1774,1774,0,0.17893368135624815
1775,1775,0,0.24379935837339417
1776,1776,0,0.1931073707094282
1777,1777,0,0.1473532539380329
1778,1778,0,0.23948067447870178
1779,1779,0,0.22308716408965168
1780,1780,0,0.23665029629909012
1781,1781,0,0.23997367342048379
1782,1782,0,0.2816778230943474
1783,1783,0,0.20962842281259889
1784,1784,0,0.2314317582379288
1785,1785,0,0.22695121490768624
1786,1786,0,0.23247138512631957
1787,1787,0,0.25529528265822377
1788,1788,0,0.11454269550658998
1789,1789,0,0.21283828920530104
1790,1790,1,1.2666335011606618
1791,1791,0,0.12589236925393527
1792,1792,0,0.22011414391640124
1793,1793,0,0.21977276783069374
1794,1794,0,0.22758461010686729
1795,1795,0,0.2545041823065392
1796,1796,0,0.1679027009783489
1797,1797,0,0.6852701351888607
1798,1798,0,0.16499328185958254
1799,1799,0,0.1853493577828238
1800,1800,0,0.11215309649116445
1801,1801,0,0.2156256268065344
1802,1802,0,0.15495651518161038
1803,1803,0,0.13854747036349
1804,1804,0,0.2565679629476072
1805,1805,0,0.18513680754298842
1806,1806,0,0.171570790236782
1807,1807,0,0.17636761195374495
1808,1808,0,0.17846454917312507
1809,1809,0,1.3805261183864868
1810,1810,0,0.22424014532221512
1811,1811,0,0.2580564177084756
1812,1812,0,0.2184162530021778
1813,1813,0,0.24295519491393133
1814,1814,0,0.22003008736939567
1815,1815,0,0.14111379116747486
1816,1816,0,0.223675810189603
1817,1817,0,0.2078012381284684
1818,1818,0,0.16000078075201
1819,1819,0,0.2510950332738555
1820,1820,0,0.2168126260455986
1821,1821,0,0.16400636715924372
1822,1822,0,0.22065121526218595
1823,1823,0,0.21231010268404757
1824,1824,0,0.23437217063672575
1825,1825,0,0.19523478581825224
1826,1826,0,0.19412490681335617
1827,1827,0,0.2250178378199946
1828,1828,0,0.1815405400748486
1829,1829,0,0.23804879487414132
1830,1830,0,0.19609758078729203
1831,1831,0,0.2312302396029014
1832,1832,0,0.22341079516760898
1833,1833,0,0.20162946391734504
1834,1834,0,0.2290056311784334
1835,1835,0,0.36696605438713337
1836,1836,0,0.23472148370145463
1837,1837,0,0.2434080050195494
1838,1838,0,0.23378877692405298
1839,1839,0,0.23531884213240084
1840,1840,0,0.19327446725242395
1841,1841,0,0.21361391692733428
1842,1842,0,0.22348935040384563
1843,1843,0,0.19414452455790013
1844,1844,0,0.19246357594708446
1845,1845,0,0.21243799023727603
1846,1846,0,0.22112964232707413
1847,1847,0,0.2026036315519189
1848,1848,0,0.11690512188678742
1849,1849,0,0.1800693948281702
1850,1850,0,0.23476570844051178
1851,1851,0,0.2183320713759896
1852,1852,0,0.21688445165153672
1853,1853,0,0.1786761353531255
1854,1854,0,0.2017868405779849
1855,1855,0,0.20997627934560312
1856,1856,0,0.15238891908827779
1857,1857,0,0.23708233324326725
1858,1858,0,0.19202367030592807
1859,1859,0,0.24131751379464403
1860,1860,0,0.2251769789714648
1861,1861,0,0.23746222188503066
1862,1862,0,0.15418421536951732
1863,1863,0,0.25600295901731907
1864,1864,0,0.2083713667988924
1865,1865,0,0.22514526007262883
1866,1866,0,0.23729591173425307
1867,1867,0,0.21118146519464995
1868,1868,0,0.17726210072728119
1869,1869,0,0.19724143345254236
1870,1870,0,0.1346924965960771
1871,1871,0,0.20475691660656778
1872,1872,0,0.21965080498293169
1873,1873,0,0.20055112693498847
1874,1874,0,0.19882864639423886
1875,1875,0,0.21976707293519612
1876,1876,0,0.2337743981658728
1877,1877,0,0.21151144693810736
1878,1878,0,0.18586253071200798
1879,1879,0,0.1410560711106959
1880,1880,0,0.17853819122423764
1881,1881,0,0.1328777881799527
1882,1882,0,0.207968659519521
1883,1883,0,0.22927214357220943
1884,1884,0,0.22284289153040093
1885,1885,0,0.24685966600054268
1886,1886,0,0.18757371397218636
1887,1887,0,0.2461462670727645
1888,1888,0,0.1985063362926401
1889,1889,0,0.23263867224316834
1890,1890,0,0.217658186588557
1891,1891,0,0.20191840137116032
1892,1892,0,0.22052692560148904
1893,1893,0,0.20173475966226587
1894,1894,0,0.44910124747003566
1895,1895,0,0.2460539855848006
1896,1896,0,0.2267088504615863
1897,1897,0,0.20651937802255516
1898,1898,0,0.21103790325661848
1899,1899,0,0.16570405635422378
1900,1900,0,0.2574558295481688
1901,1901,0,0.2413910487464862
1902,1902,0,0.22087340902718627
1903,1903,0,0.22852903963243545
1904,1904,0,0.25716932193884795
1905,1905,0,0.19660660274932562
1906,1906,0,0.2439487818482229
1907,1907,0,0.18825653984206864
1908,1908,0,0.2513500436768237
1909,1909,0,0.23163516748611324
1910,1910,0,0.15024321470644442
1911,1911,0,0.19744165672825073
1912,1912,0,0.14319143559490344
1913,1913,0,0.21799969378074932
1914,1914,0,0.18754471952880497
1915,1915,0,0.20740478809715612
1916,1916,0,0.22623807901127027
1917,1917,0,0.2085696065650343
1918,1918,0,0.23407054582360723
1919,1919,0,0.20319309795667576
1920,1920,0,0.2617607581221087
1921,1921,0,0.2319655395019317
1922,1922,0,0.2182914472782781
1923,1923,0,0.22475016318350602
1924,1924,0,0.2478279438905224
1925,1925,0,0.23727173070827975
1926,1926,0,0.24376067453927
1927,1927,0,0.2642555349650082
1928,1928,0,0.17696296729517302
1929,1929,0,0.2859594483634203
1930,1930,0,0.2143003769425895
1931,1931,0,0.23835920831096985
1932,1932,0,0.16577991637313702
1933,1933,0,0.21112578678984156
1934,1934,0,0.2243708157941572
1935,1935,0,0.24385745852130838
1936,1936,0,0.17167391382074657
1937,1937,0,0.21957073235513505
1938,1938,0,0.17778681620566497
1939,1939,0,0.252247636621168
1940,1940,0,0.2306684278047735
1941,1941,0,0.2010357845627261
1942,1942,0,0.22555410665902995
1943,1943,0,0.2526239492798683
1944,1944,0,0.20705385506967572
1945,1945,0,0.21996557749725282
1946,1946,0,0.22472807768604594
1947,1947,0,0.2480157688302083
1948,1948,0,0.23747375881641503
1949,1949,0,0.24468847096409316
1950,1950,0,0.2571701443588706
1951,1951,0,0.17750579274134326
1952,1952,0,0.2371811661617264
1953,1953,0,0.2481584698207684
1954,1954,0,0.2715447052423741
1955,1955,0,0.19946151963417721
1956,1956,0,0.2492146812065778
1957,1957,0,0.2200081838829918
1958,1958,0,0.17588950120701713
1959,1959,0,0.19934807571667978
1960,1960,0,0.22603888448217663
1961,1961,0,0.23130173062547632
1962,1962,0,0.2463047517530672
1963,1963,0,0.2388882669302511
1964,1964,0,0.25100373588238395
1965,1965,0,0.23476819271515256
1966,1966,0,0.5178446023117732
1967,1967,0,0.22505164921603732
1968,1968,0,0.2139812398878043
1969,1969,0,0.23944632939835403
1970,1970,0,0.11703638283068625
1971,1971,0,0.1651435033053445
1972,1972,0,0.2594624073153044
1973,1973,0,0.25731176935064093
1974,1974,0,0.22457209959891128
1975,1975,0,0.2163353418273394
1976,1976,0,0.19679439493689382
1977,1977,0,0.22423924605472856
1978,1978,0,0.23006922201186697
1979,1979,0,0.14264295967111326
1980,1980,0,0.21421712028612425
1981,1981,0,0.25291219919741187
1982,1982,0,0.20520911458863453
1983,1983,0,0.24921774129573213
1984,1984,0,0.24369564731330912
1985,1985,0,0.22846786004935965
1986,1986,0,0.24003830795328024
1987,1987,0,0.1707433388253454
1988,1988,0,0.23883074850941605
1989,1989,0,0.17307694842728608
1990,1990,0,0.1314662437313786
1991,1991,0,0.20398882373902205
1992,1992,0,0.12764535772594007
1993,1993,0,0.1877496083120561
1994,1994,0,0.18249970234162405
1995,1995,0,0.17230440860186208
1996,1996,0,0.22795778777745693
1997,1997,0,0.20123878546632004
1998,1998,0,0.2521003369547298
1999,1999,0,0.25888462255557254
